home_team,away_team,stream_url
Angers - PSG,Unknown,https://your-stream-link.com
Koln - Bayer Leverkusen,Unknown,https://your-stream-link.com
Atletico Madrid - Athletic Bilbao,Unknown,https://your-stream-link.com
Getafe - Barcelona,Unknown,https://your-stream-link.com
Liverpool - Crystal Palace,Unknown,https://your-stream-link.com
Arsenal - Newcastle United,Unknown,https://your-stream-link.com
Wolves - Tottenham Hotspur,Unknown,https://your-stream-link.com
Bologna - Roma,Unknown,https://your-stream-link.com
Manchester City - Southampton,Unknown,https://your-stream-link.com
Mainz - Bayern Munich,Unknown,https://your-stream-link.com
Westerlo - Antwerp,Unknown,https://your-stream-link.com
Genk - Standard,Unknown,https://your-stream-link.com
Toulouse - Monaco,Unknown,https://your-stream-link.com
Twente - NEC,Unknown,https://your-stream-link.com
Verona - Lecce,Unknown,https://your-stream-link.com
Valencia - Girona,Unknown,https://your-stream-link.com
Pachuca - Pumas,Unknown,https://your-stream-link.com
Tigres - Mazatlan,Unknown,https://your-stream-link.com
Feyenoord - Groningen,Unknown,https://your-stream-link.com
NAC - Ajax,Unknown,https://your-stream-link.com
Guimaraes - Rio Ave,Unknown,https://your-stream-link.com
Cracovia - Pogon Szczecin,Unknown,https://your-stream-link.com
Al Ahli Jeddah - Machida Zelvia,Unknown,https://your-stream-link.com
Osijek - Lokomotiva Zagreb,Unknown,https://your-stream-link.com
Goztepe - Antalyaspor,Unknown,https://your-stream-link.com
Benfica - Moreirense,Unknown,https://your-stream-link.com
Hamburg - Hoffenheim,Unknown,https://your-stream-link.com
Slavia Praha - Olomouc,Unknown,https://your-stream-link.com
Lechia Gdansk - Rakow,Unknown,https://your-stream-link.com
Tondela - Nacional,Unknown,https://your-stream-link.com
Real Betis - Real Madrid,Unknown,https://your-stream-link.com
Napoli - Cremonese,Unknown,https://your-stream-link.com
Bayer Leverkusen - Bayern Munich,Unknown,https://your-stream-link.com
PSG - Nantes,Unknown,https://your-stream-link.com
Elche - Atletico Madrid,Unknown,https://your-stream-link.com
Barcelona - Celta Vigo,Unknown,https://your-stream-link.com
Burnley - Manchester City,Unknown,https://your-stream-link.com
Brighton - Chelsea,Unknown,https://your-stream-link.com
Real Madrid - Alaves,Unknown,https://your-stream-link.com
Inter Milan - Como,Unknown,https://your-stream-link.com
Manchester City - Arsenal,Unknown,https://your-stream-link.com
Everton - Liverpool,Unknown,https://your-stream-link.com
PSG - Lyon,Unknown,https://your-stream-link.com
Juventus - Bologna,Unknown,https://your-stream-link.com
Bayern Munich - Stuttgart,Unknown,https://your-stream-link.com
Verona - AC Milan,Unknown,https://your-stream-link.com
Chelsea - Manchester United,Unknown,https://your-stream-link.com
Atletico Madrid - Real Sociedad,Unknown,https://your-stream-link.com
Roma - Atalanta,Unknown,https://your-stream-link.com
Tottenham Hotspur - Brighton,Unknown,https://your-stream-link.com
